Title,Price,Bids,Finish Time,Url
Schwinn Katana Bike ,$135.00 ,28 , 07/12 08:33 PM,https://www.lsoauctions.com/details.cfm?itemnum=1074473951
Metal Rolling Locker Cabinet,$50.00 ,7 , 07/12 08:29 PM,https://www.lsoauctions.com/details.cfm?itemnum=1074473982
Metal Rolling Locker Cabinet,$55.00 ,11 , 07/12 08:28 PM,https://www.lsoauctions.com/details.cfm?itemnum=1074473981
Metal Rolling Locker Cabinet,$45.00 ,8 , 07/12 08:25 PM,https://www.lsoauctions.com/details.cfm?itemnum=1074473983
(2) Chairs,$10.00 ,3 , 07/12 08:19 PM,https://www.lsoauctions.com/details.cfm?itemnum=1074473987
Wood Desk with Hutch,$25.00 ,2 , 07/12 08:18 PM,https://www.lsoauctions.com/details.cfm?itemnum=1074473986
Metal Rolling Clothes Rack,$30.00 ,8 , 07/12 08:17 PM,https://www.lsoauctions.com/details.cfm?itemnum=1074473985
Metal Rolling Clothes Rack,$30.00 ,7 , 07/12 08:16 PM,https://www.lsoauctions.com/details.cfm?itemnum=1074473984
Schwinn Pathway Bike ,$30.00 ,5 , 07/12 08:15 PM,https://www.lsoauctions.com/details.cfm?itemnum=1074473973
Schwinn Ascension Bike ,$55.00 ,10 , 07/12 08:15 PM,https://www.lsoauctions.com/details.cfm?itemnum=1074473958
Kent ST700 Bike ,$55.00 ,11 , 07/12 08:12 PM,https://www.lsoauctions.com/details.cfm?itemnum=1074473960
Cabinet,$65.00 ,5 , 07/12 08:12 PM,https://www.lsoauctions.com/details.cfm?itemnum=1074473980
Bench Seat w/ Table Top,$15.00 ,3 , 07/12 08:11 PM,https://www.lsoauctions.com/details.cfm?itemnum=1074473979
Bench Seat w/ Table Top,$5.00 ,1 , 07/12 08:10 PM,https://www.lsoauctions.com/details.cfm?itemnum=1074473978
Schwinn Median Bike ,$30.00 ,6 , 07/12 08:09 PM,https://www.lsoauctions.com/details.cfm?itemnum=1074473962
GMC Denali Bike,$85.00 ,19 , 07/12 08:09 PM,https://www.lsoauctions.com/details.cfm?itemnum=1074473957
Bench Seat w/ Table Top,$15.00 ,3 , 07/12 08:09 PM,https://www.lsoauctions.com/details.cfm?itemnum=1074473977
Huffy Tundra Bike ,$25.00 ,4 , 07/12 08:08 PM,https://www.lsoauctions.com/details.cfm?itemnum=1074473976
Mongoose Standoff Bike ,$40.00 ,7 , 07/12 08:07 PM,https://www.lsoauctions.com/details.cfm?itemnum=1074473975
Huffy Parkside Bike,$10.00 ,1 , 07/12 08:06 PM,https://www.lsoauctions.com/details.cfm?itemnum=1074473974
Mongoose Excursion Bike,$25.00 ,4 , 07/12 08:06 PM,https://www.lsoauctions.com/details.cfm?itemnum=1074473969
Huffy Cranbrook Bike,$20.00 ,4 , 07/12 08:05 PM,https://www.lsoauctions.com/details.cfm?itemnum=1074473968
Hyper Beach Cruiser Bike,$20.00 ,4 , 07/12 08:04 PM,https://www.lsoauctions.com/details.cfm?itemnum=1074473972
Trek Multitrak 7300 Bike,$35.00 ,6 , 07/12 08:04 PM,https://www.lsoauctions.com/details.cfm?itemnum=1074473967
Kent RoadTech Bike,$30.00 ,6 , 07/12 08:03 PM,https://www.lsoauctions.com/details.cfm?itemnum=1074473971
Kent Glendale Bike,$25.00 ,4 , 07/12 08:03 PM,https://www.lsoauctions.com/details.cfm?itemnum=1074473966
Schwinn Pathway Bike,$25.00 ,3 , 07/12 08:03 PM,https://www.lsoauctions.com/details.cfm?itemnum=1074473961
Schwinn Clairmont Bike ,$25.00 ,5 , 07/12 08:02 PM,https://www.lsoauctions.com/details.cfm?itemnum=1074473970
Huffy Trail Runner Bike ,$15.00 ,2 , 07/12 08:02 PM,https://www.lsoauctions.com/details.cfm?itemnum=1074473965
Ozone Charger Bike,$25.00 ,4 , 07/12 08:01 PM,https://www.lsoauctions.com/details.cfm?itemnum=1074473964
Huffy Trail Runner Bike ,$25.00 ,4 , 07/12 08:00 PM,https://www.lsoauctions.com/details.cfm?itemnum=1074473963
Schwinn Admiral Bike,$50.00 ,10 , 07/12 08:00 PM,https://www.lsoauctions.com/details.cfm?itemnum=1074473953
Schwinn Sidewinder Bike,$30.00 ,6 , 07/12 07:57 PM,https://www.lsoauctions.com/details.cfm?itemnum=1074473955
Drum,$60.00 ,10 , 07/12 07:57 PM,https://www.lsoauctions.com/details.cfm?itemnum=1074473945
Drum,$65.00 ,14 , 07/12 07:53 PM,https://www.lsoauctions.com/details.cfm?itemnum=1074473946
Ozone 500 Bike ,$25.00 ,5 , 07/12 07:51 PM,https://www.lsoauctions.com/details.cfm?itemnum=1074473959
Ozone Aero Bike ,$25.00 ,4 , 07/12 07:51 PM,https://www.lsoauctions.com/details.cfm?itemnum=1074473954
(10) Bikes,$105.00 ,20 , 07/12 07:51 PM,https://www.lsoauctions.com/details.cfm?itemnum=1074473949
(15) Bikes,$145.00 ,11 , 07/12 07:50 PM,https://www.lsoauctions.com/details.cfm?itemnum=1074473948
Diamondback Response Bike,$60.00 ,11 , 07/12 07:49 PM,https://www.lsoauctions.com/details.cfm?itemnum=1074473952
(38) Switching Power Supplies ,$665.00 ,46 , 07/12 07:49 PM,https://www.lsoauctions.com/details.cfm?itemnum=1074473932
"A/V Equip: Transmitters, NetLink",$995.00 ,37 , 07/12 07:48 PM,https://www.lsoauctions.com/details.cfm?itemnum=1074473921
Hyper Havoc Bike,$20.00 ,4 , 07/12 07:48 PM,https://www.lsoauctions.com/details.cfm?itemnum=1074473956
Trumpet ,$140.00 ,19 , 07/12 07:48 PM,https://www.lsoauctions.com/details.cfm?itemnum=1074473941
Trumpet,$125.00 ,21 , 07/12 07:47 PM,https://www.lsoauctions.com/details.cfm?itemnum=1074473940
(15) Bikes,$115.00 ,6 , 07/12 07:44 PM,https://www.lsoauctions.com/details.cfm?itemnum=1074473947
(14) Bikes,$95.00 ,7 , 07/12 07:42 PM,https://www.lsoauctions.com/details.cfm?itemnum=1074473950
Clarinet,$955.00 ,25 , 07/12 07:36 PM,https://www.lsoauctions.com/details.cfm?itemnum=1074473944
Marching Mellophone ,$30.00 ,5 , 07/12 07:35 PM,https://www.lsoauctions.com/details.cfm?itemnum=1074473943
Clarinet,$60.00 ,8 , 07/12 07:35 PM,https://www.lsoauctions.com/details.cfm?itemnum=1074473938
Trombone ,$40.00 ,8 , 07/12 07:34 PM,https://www.lsoauctions.com/details.cfm?itemnum=1074473942
Craftsman Tool Box,$315.00 ,24 , 07/12 07:33 PM,https://www.lsoauctions.com/details.cfm?itemnum=1074473926
English Horn,$710.00 ,36 , 07/12 07:31 PM,https://www.lsoauctions.com/details.cfm?itemnum=1074473939
(6) Lights,$25.00 ,4 , 07/12 07:31 PM,https://www.lsoauctions.com/details.cfm?itemnum=1074473934
LG TV,$85.00 ,12 , 07/12 07:30 PM,https://www.lsoauctions.com/details.cfm?itemnum=1074473923
(6) Lights,$25.00 ,4 , 07/12 07:30 PM,https://www.lsoauctions.com/details.cfm?itemnum=1074473933
Trumpet,$50.00 ,6 , 07/12 07:29 PM,https://www.lsoauctions.com/details.cfm?itemnum=1074473937
(4) Lights,$10.00 ,2 , 07/12 07:28 PM,https://www.lsoauctions.com/details.cfm?itemnum=1074473936
"Scientific Equip:Analayzers, Generator",$820.00 ,40 , 07/12 07:28 PM,https://www.lsoauctions.com/details.cfm?itemnum=1074473931
(3) Lights,$10.00 ,2 , 07/12 07:27 PM,https://www.lsoauctions.com/details.cfm?itemnum=1074473935
"Scientific Equip: Multimeters, Oscilloscopes",$720.00 ,28 , 07/12 07:27 PM,https://www.lsoauctions.com/details.cfm?itemnum=1074473930
Blu-Ray DVD,$155.00 ,16 , 07/12 07:26 PM,https://www.lsoauctions.com/details.cfm?itemnum=1074473929
"Projectors, Document Cameras",$790.00 ,37 , 07/12 07:21 PM,https://www.lsoauctions.com/details.cfm?itemnum=1074473919
(6) Projectors,$790.00 ,36 , 07/12 07:20 PM,https://www.lsoauctions.com/details.cfm?itemnum=1074473918
Bunn Coffee Warmer,$15.00 ,3 , 07/12 07:20 PM,https://www.lsoauctions.com/details.cfm?itemnum=1074473928
Wista Camera ,$380.00 ,37 , 07/12 07:19 PM,https://www.lsoauctions.com/details.cfm?itemnum=1074473927
Vase,$35.00 ,7 , 07/12 07:18 PM,https://www.lsoauctions.com/details.cfm?itemnum=1074473916
Light Box,$15.00 ,3 , 07/12 07:17 PM,https://www.lsoauctions.com/details.cfm?itemnum=1074473925
LG TV,$60.00 ,10 , 07/12 07:14 PM,https://www.lsoauctions.com/details.cfm?itemnum=1074473922
Olympus Microscope,$90.00 ,14 , 07/12 07:14 PM,https://www.lsoauctions.com/details.cfm?itemnum=1074473912
Olympus Microscope,$85.00 ,13 , 07/12 07:13 PM,https://www.lsoauctions.com/details.cfm?itemnum=1074473911
2012 Ford Passenger Van,"$9,850.00 ",81 , 07/12 07:13 PM,https://www.lsoauctions.com/details.cfm?itemnum=1074473866
(2) Dayton Shop Fans,$135.00 ,12 , 07/12 07:12 PM,https://www.lsoauctions.com/details.cfm?itemnum=1074473920
Olympus Microscope,$90.00 ,14 , 07/12 07:12 PM,https://www.lsoauctions.com/details.cfm?itemnum=1074473910
Olympus Microscope,$90.00 ,15 , 07/12 07:11 PM,https://www.lsoauctions.com/details.cfm?itemnum=1074473914
Olympus Microscope,$85.00 ,13 , 07/12 07:10 PM,https://www.lsoauctions.com/details.cfm?itemnum=1074473913
Cash Box w/ Keys,$20.00 ,3 , 07/12 07:09 PM,https://www.lsoauctions.com/details.cfm?itemnum=1074473917
Gooseneck Hitch Eyelet,$15.00 ,2 , 07/12 07:07 PM,https://www.lsoauctions.com/details.cfm?itemnum=1074473915
Sewing Machine,$25.00 ,5 , 07/12 07:01 PM,https://www.lsoauctions.com/details.cfm?itemnum=1074473909
Sewing Machine,$45.00 ,5 , 07/12 07:00 PM,https://www.lsoauctions.com/details.cfm?itemnum=1074473908
Sewing Machine,$25.00 ,4 , 07/12 06:59 PM,https://www.lsoauctions.com/details.cfm?itemnum=1074473907
Sewing Machine,$45.00 ,8 , 07/12 06:58 PM,https://www.lsoauctions.com/details.cfm?itemnum=1074473906
Keurig,$25.00 ,5 , 07/12 06:57 PM,https://www.lsoauctions.com/details.cfm?itemnum=1074473905
NEC Projector ,$130.00 ,12 , 07/12 06:57 PM,https://www.lsoauctions.com/details.cfm?itemnum=1074473900
Keurig,$10.00 ,2 , 07/12 06:56 PM,https://www.lsoauctions.com/details.cfm?itemnum=1074473904
Keurig,$15.00 ,3 , 07/12 06:55 PM,https://www.lsoauctions.com/details.cfm?itemnum=1074473903
NEC Projector ,$145.00 ,22 , 07/12 06:55 PM,https://www.lsoauctions.com/details.cfm?itemnum=1074473898
NEC Projector ,$15.00 ,2 , 07/12 06:54 PM,https://www.lsoauctions.com/details.cfm?itemnum=1074473902
NEC Projector ,$130.00 ,11 , 07/12 06:53 PM,https://www.lsoauctions.com/details.cfm?itemnum=1074473901
NEC Projector ,$125.00 ,10 , 07/12 06:53 PM,https://www.lsoauctions.com/details.cfm?itemnum=1074473896
NEC Projector ,$30.00 ,5 , 07/12 06:51 PM,https://www.lsoauctions.com/details.cfm?itemnum=1074473899
NEC Projector ,$35.00 ,6 , 07/12 06:51 PM,https://www.lsoauctions.com/details.cfm?itemnum=1074473894
NEC Projector ,$30.00 ,5 , 07/12 06:49 PM,https://www.lsoauctions.com/details.cfm?itemnum=1074473897
Wilton Horizontal Band Saw,$255.00 ,26 , 07/12 06:49 PM,https://www.lsoauctions.com/details.cfm?itemnum=1074473887
Slotter Machine Parts,$625.00 ,37 , 07/12 06:48 PM,https://www.lsoauctions.com/details.cfm?itemnum=1074473876
NEC Projector ,$30.00 ,5 , 07/12 06:47 PM,https://www.lsoauctions.com/details.cfm?itemnum=1074473895
Dell Projector ,$45.00 ,6 , 07/12 06:45 PM,https://www.lsoauctions.com/details.cfm?itemnum=1074473893
Sand Blasting Cabinet ,$225.00 ,23 , 07/12 06:45 PM,https://www.lsoauctions.com/details.cfm?itemnum=1074473883
Grinding Machine,$775.00 ,12 , 07/12 06:44 PM,https://www.lsoauctions.com/details.cfm?itemnum=1074473892
Rockwell Band Saw,$425.00 ,8 , 07/12 06:44 PM,https://www.lsoauctions.com/details.cfm?itemnum=1074473877
Lathe,$975.00 ,28 , 07/12 06:43 PM,https://www.lsoauctions.com/details.cfm?itemnum=1074473891
Fire Extinguishers,$255.00 ,7 , 07/12 06:42 PM,https://www.lsoauctions.com/details.cfm?itemnum=1074473890
Compressor Tank,$115.00 ,9 , 07/12 06:41 PM,https://www.lsoauctions.com/details.cfm?itemnum=1074473889
2 Way Panel Saw,$275.00 ,16 , 07/12 06:40 PM,https://www.lsoauctions.com/details.cfm?itemnum=1074473888
2003 Chevy Suburban,"$7,150.00 ",67 , 07/12 06:40 PM,https://www.lsoauctions.com/details.cfm?itemnum=1074473863
Compressor ,$125.00 ,10 , 07/12 06:38 PM,https://www.lsoauctions.com/details.cfm?itemnum=1074473886
Craftsman Table Saw,$100.00 ,2 , 07/12 06:37 PM,https://www.lsoauctions.com/details.cfm?itemnum=1074473885
Powermatic Table Saw,$300.00 ,10 , 07/12 06:36 PM,https://www.lsoauctions.com/details.cfm?itemnum=1074473884
Band Saw,$250.00 ,6 , 07/12 06:34 PM,https://www.lsoauctions.com/details.cfm?itemnum=1074473882
Shop Fan,$65.00 ,5 , 07/12 06:33 PM,https://www.lsoauctions.com/details.cfm?itemnum=1074473881
DeWalt Saw,$100.00 ,1 , 07/12 06:32 PM,https://www.lsoauctions.com/details.cfm?itemnum=1074473880
1975 Gooseneck Trailer,"$3,150.00 ",36 , 07/12 06:32 PM,https://www.lsoauctions.com/details.cfm?itemnum=1074473865
Metal Turning Lathe,$225.00 ,5 , 07/12 06:31 PM,https://www.lsoauctions.com/details.cfm?itemnum=1074473879
Pumps and Electric Motors,$50.00 ,7 , 07/12 06:31 PM,https://www.lsoauctions.com/details.cfm?itemnum=1074473874
Band Saw,$400.00 ,4 , 07/12 06:30 PM,https://www.lsoauctions.com/details.cfm?itemnum=1074473878
Milling Machine ,"$3,725.00 ",24 , 07/12 06:27 PM,https://www.lsoauctions.com/details.cfm?itemnum=1074473875
(2) Sickle Mowers - For Parts,$60.00 ,8 , 07/12 06:25 PM,https://www.lsoauctions.com/details.cfm?itemnum=1074473873
(2) Aluminum Storm Doors,$10.00 ,2 , 07/12 06:24 PM,https://www.lsoauctions.com/details.cfm?itemnum=1074473872
(2) IEC Centrifuge & Parts,$180.00 ,10 , 07/12 06:23 PM,https://www.lsoauctions.com/details.cfm?itemnum=1074473871
Huskee Riding Mower,$25.00 ,2 , 07/12 06:22 PM,https://www.lsoauctions.com/details.cfm?itemnum=1074473870
Slate Table Top & Sink,$30.00 ,3 , 07/12 06:21 PM,https://www.lsoauctions.com/details.cfm?itemnum=1074473869
Metal Door,$15.00 ,1 , 07/12 06:20 PM,https://www.lsoauctions.com/details.cfm?itemnum=1074473868
Onan Electric Generator ,$950.00 ,16 , 07/12 06:19 PM,https://www.lsoauctions.com/details.cfm?itemnum=1074473867
Title,Price,Bids,Finish Time,Url
2006 Ford Taurus,"$2,600.00 ",30 , 07/12 06:16 PM,https://www.lsoauctions.com/details.cfm?itemnum=1074473864
Title,Price,Bids,Finish Time,Url
Title,Price,Bids,Finish Time,Url
Title,Price,Bids,Finish Time,Url
Con-Space Communication Equipment ,$55.00 ,4 , 12/06 07:55 PM,https://www.lsoauctions.com/details.cfm?itemnum=1074492721
Sony Camcorder,$30.00 ,6 , 12/06 07:54 PM,https://www.lsoauctions.com/details.cfm?itemnum=1074492647
Sony Camcorder,$30.00 ,5 , 12/06 07:53 PM,https://www.lsoauctions.com/details.cfm?itemnum=1074492646
Sony Camcorder,$20.00 ,3 , 12/06 07:52 PM,https://www.lsoauctions.com/details.cfm?itemnum=1074492645
"2-Way Radios, Ballasts",$80.00 ,11 , 12/06 07:52 PM,https://www.lsoauctions.com/details.cfm?itemnum=1074492640
NEC Projector ,$35.00 ,7 , 12/06 07:51 PM,https://www.lsoauctions.com/details.cfm?itemnum=1074492644
"Miscellaneous Filters, Stihl Saw Parts ",$30.00 ,5 , 12/06 07:51 PM,https://www.lsoauctions.com/details.cfm?itemnum=1074492639
Metal Lockers,$55.00 ,9 , 12/06 07:50 PM,https://www.lsoauctions.com/details.cfm?itemnum=1074492643
NEC Projector ,$25.00 ,4 , 12/06 07:49 PM,https://www.lsoauctions.com/details.cfm?itemnum=1074492642
Portable Shelving ,$15.00 ,3 , 12/06 07:48 PM,https://www.lsoauctions.com/details.cfm?itemnum=1074492641
Disconnect Switches ,$70.00 ,5 , 12/06 07:45 PM,https://www.lsoauctions.com/details.cfm?itemnum=1074492638
Master Portable Generator ,$65.00 ,5 , 12/06 07:44 PM,https://www.lsoauctions.com/details.cfm?itemnum=1074492632
Inbal Regulator Valves,$10.00 ,1 , 12/06 07:44 PM,https://www.lsoauctions.com/details.cfm?itemnum=1074492637
Tempest Power Blower,$55.00 ,4 , 12/06 07:43 PM,https://www.lsoauctions.com/details.cfm?itemnum=1074492636
Pressure Washer ,$75.00 ,7 , 12/06 07:42 PM,https://www.lsoauctions.com/details.cfm?itemnum=1074492635
"Polycom VSX8000, DVD/VCR Combo",$50.00 ,10 , 12/06 07:41 PM,https://www.lsoauctions.com/details.cfm?itemnum=1074492624
Interior Fluorescent Light Fixtures,$10.00 ,1 , 12/06 07:41 PM,https://www.lsoauctions.com/details.cfm?itemnum=1074492634
Used Skid Steer Tracks,$10.00 ,1 , 12/06 07:40 PM,https://www.lsoauctions.com/details.cfm?itemnum=1074492633
Master Portable Generator ,$85.00 ,6 , 12/06 07:38 PM,https://www.lsoauctions.com/details.cfm?itemnum=1074492631
Exterior Flood Lights,$15.00 ,2 , 12/06 07:37 PM,https://www.lsoauctions.com/details.cfm?itemnum=1074492630
Exterior Flood Lights,$10.00 ,1 , 12/06 07:36 PM,https://www.lsoauctions.com/details.cfm?itemnum=1074492629
Hi-Tek M59 Exterior Flood Lights,$35.00 ,5 , 12/06 07:35 PM,https://www.lsoauctions.com/details.cfm?itemnum=1074492628
Interior Fluorescent Light Fixtures,$30.00 ,6 , 12/06 07:34 PM,https://www.lsoauctions.com/details.cfm?itemnum=1074492627
Eurorack A/V System,$330.00 ,33 , 12/06 07:34 PM,https://www.lsoauctions.com/details.cfm?itemnum=1074492592
Exterior Flood Lights,$20.00 ,3 , 12/06 07:33 PM,https://www.lsoauctions.com/details.cfm?itemnum=1074492626
Fluorescent Light Fixtures ,$5.00 ,,-,,,,,,,,,,, 12/06 07:32 PM,https://www.lsoauctions.com/details.cfm?itemnum=1074492625
Rolling Chair Rack,$30.00 ,6 , 12/06 07:30 PM,https://www.lsoauctions.com/details.cfm?itemnum=1074492623
Wood & Fabric Chair ,$75.00 ,16 , 12/06 07:29 PM,https://www.lsoauctions.com/details.cfm?itemnum=1074492622
Metal Lockers,$80.00 ,16 , 12/06 07:28 PM,https://www.lsoauctions.com/details.cfm?itemnum=1074492621
Metal Lockers,$55.00 ,10 , 12/06 07:27 PM,https://www.lsoauctions.com/details.cfm?itemnum=1074492620
Metal Lockers,$55.00 ,9 , 12/06 07:26 PM,https://www.lsoauctions.com/details.cfm?itemnum=1074492619
Couch,$335.00 ,22 , 12/06 07:26 PM,https://www.lsoauctions.com/details.cfm?itemnum=1074492614
Wood Table,$30.00 ,4 , 12/06 07:25 PM,https://www.lsoauctions.com/details.cfm?itemnum=1074492618
(50) Chairs w/ Rolling Rack,$295.00 ,17 , 12/06 07:24 PM,https://www.lsoauctions.com/details.cfm?itemnum=1074492617
Waiting Room Seating,$10.00 ,2 , 12/06 07:23 PM,https://www.lsoauctions.com/details.cfm?itemnum=1074492616
Waiting Room Seating,$10.00 ,2 , 12/06 07:22 PM,https://www.lsoauctions.com/details.cfm?itemnum=1074492615
Display Case,$15.00 ,3 , 12/06 07:20 PM,https://www.lsoauctions.com/details.cfm?itemnum=1074492613
(2) Metal Storage Units,$50.00 ,11 , 12/06 07:20 PM,https://www.lsoauctions.com/details.cfm?itemnum=1074492608
TV Wall Mount,$45.00 ,10 , 12/06 07:19 PM,https://www.lsoauctions.com/details.cfm?itemnum=1074492612
Storage Cabinet,$25.00 ,3 , 12/06 07:18 PM,https://www.lsoauctions.com/details.cfm?itemnum=1074492611
Wood Table,$5.00 ,1 , 12/06 07:17 PM,https://www.lsoauctions.com/details.cfm?itemnum=1074492610
Metal Storage Cabinet,$55.00 ,9 , 12/06 07:16 PM,https://www.lsoauctions.com/details.cfm?itemnum=1074492609
(2) Metal Storage Units,$30.00 ,7 , 12/06 07:14 PM,https://www.lsoauctions.com/details.cfm?itemnum=1074492607
Metal Shelving,$25.00 ,4 , 12/06 07:13 PM,https://www.lsoauctions.com/details.cfm?itemnum=1074492606
Work Table,$15.00 ,3 , 12/06 07:12 PM,https://www.lsoauctions.com/details.cfm?itemnum=1074492605
(5 Pairs) of Tennis Shoes ,$15.00 ,3 , 12/06 07:11 PM,https://www.lsoauctions.com/details.cfm?itemnum=1074492604
"DVD Players, Digital Presenters, Document Camera",$70.00 ,10 , 12/06 07:11 PM,https://www.lsoauctions.com/details.cfm?itemnum=1074492589
(8 Pairs) of Tennis Shoes ,$15.00 ,3 , 12/06 07:10 PM,https://www.lsoauctions.com/details.cfm?itemnum=1074492603
(4 Pairs) of Tennis Shoes ,$30.00 ,5 , 12/06 07:09 PM,https://www.lsoauctions.com/details.cfm?itemnum=1074492602
(4 Pairs) of Tennis Shoes ,$15.00 ,4 , 12/06 07:08 PM,https://www.lsoauctions.com/details.cfm?itemnum=1074492601
(10 Pairs) of Tennis Shoes ,$25.00 ,4 , 12/06 07:07 PM,https://www.lsoauctions.com/details.cfm?itemnum=1074492600
(7 Pairs) of Tennis Shoes ,$15.00 ,3 , 12/06 07:06 PM,https://www.lsoauctions.com/details.cfm?itemnum=1074492599
Canon Vixia Camcorder ,$140.00 ,17 , 12/06 07:06 PM,https://www.lsoauctions.com/details.cfm?itemnum=1074492564
(11 Pairs) of Tennis Shoes ,$15.00 ,3 , 12/06 07:05 PM,https://www.lsoauctions.com/details.cfm?itemnum=1074492598
Photography Lighting ,$80.00 ,15 , 12/06 07:05 PM,https://www.lsoauctions.com/details.cfm?itemnum=1074492583
(6 Pairs) of Tennis Shoes ,$15.00 ,3 , 12/06 07:04 PM,https://www.lsoauctions.com/details.cfm?itemnum=1074492597
(9) Electric Typewriters ,$90.00 ,11 , 12/06 07:04 PM,https://www.lsoauctions.com/details.cfm?itemnum=1074492587
Panasonic Camcorder,$280.00 ,29 , 12/06 07:04 PM,https://www.lsoauctions.com/details.cfm?itemnum=1074492562
(11 Pairs) of Tennis Shoes ,$15.00 ,3 , 12/06 07:03 PM,https://www.lsoauctions.com/details.cfm?itemnum=1074492596
(Approx 102) Toner ,$455.00 ,40 , 12/06 07:03 PM,https://www.lsoauctions.com/details.cfm?itemnum=1074492586
(5 Pairs) of Tennis Shoes ,$15.00 ,3 , 12/06 07:02 PM,https://www.lsoauctions.com/details.cfm?itemnum=1074492595
Medline Wheelchair ,$10.00 ,2 , 12/06 07:01 PM,https://www.lsoauctions.com/details.cfm?itemnum=1074492594
Zeta-Meter Microscope ,$45.00 ,8 , 12/06 07:00 PM,https://www.lsoauctions.com/details.cfm?itemnum=1074492593
46-inch LCD TV,$30.00 ,5 , 12/06 06:58 PM,https://www.lsoauctions.com/details.cfm?itemnum=1074492591
46-inch LCD TV,$35.00 ,7 , 12/06 06:57 PM,https://www.lsoauctions.com/details.cfm?itemnum=1074492590
Della Ice Maker,$45.00 ,7 , 12/06 06:56 PM,https://www.lsoauctions.com/details.cfm?itemnum=1074492584
(4) Adjustable Keyboard Managers,$25.00 ,3 , 12/06 06:55 PM,https://www.lsoauctions.com/details.cfm?itemnum=1074492588
Canon Camcorder ,$55.00 ,11 , 12/06 06:55 PM,https://www.lsoauctions.com/details.cfm?itemnum=1074492568
Polaroid Camera ,$30.00 ,6 , 12/06 06:52 PM,https://www.lsoauctions.com/details.cfm?itemnum=1074492585
Level,$80.00 ,11 , 12/06 06:49 PM,https://www.lsoauctions.com/details.cfm?itemnum=1074492582
Transit and Level w/ Case,$175.00 ,12 , 12/06 06:48 PM,https://www.lsoauctions.com/details.cfm?itemnum=1074492581
Transit and Level w/ Case,$265.00 ,21 , 12/06 06:47 PM,https://www.lsoauctions.com/details.cfm?itemnum=1074492580
Machining Tools,$30.00 ,4 , 12/06 06:46 PM,https://www.lsoauctions.com/details.cfm?itemnum=1074492579
Ungar Heat Gun ,$5.00 ,,-,,,,,,,,,,, 12/06 06:45 PM,https://www.lsoauctions.com/details.cfm?itemnum=1074492578
Hand Tools,$15.00 ,2 , 12/06 06:44 PM,https://www.lsoauctions.com/details.cfm?itemnum=1074492577
(3) Rivet Guns,$20.00 ,3 , 12/06 06:43 PM,https://www.lsoauctions.com/details.cfm?itemnum=1074492576
(4) Electronic Digital Calipers,$60.00 ,11 , 12/06 06:42 PM,https://www.lsoauctions.com/details.cfm?itemnum=1074492575
Canon Digital Camera,$70.00 ,14 , 12/06 06:42 PM,https://www.lsoauctions.com/details.cfm?itemnum=1074492565
"Tools: Micrometers, Caliper, Channellock Screwdrivers",$35.00 ,8 , 12/06 06:41 PM,https://www.lsoauctions.com/details.cfm?itemnum=1074492574
"Tools: SPI Parallels, Staple Gun, Drill Sets",$15.00 ,2 , 12/06 06:40 PM,https://www.lsoauctions.com/details.cfm?itemnum=1074492573
White Luxo Lamp,$10.00 ,2 , 12/06 06:39 PM,https://www.lsoauctions.com/details.cfm?itemnum=1074492572
Canon Camcorder ,$75.00 ,11 , 12/06 06:39 PM,https://www.lsoauctions.com/details.cfm?itemnum=1074492567
NEC Projector ,$105.00 ,20 , 12/06 06:39 PM,https://www.lsoauctions.com/details.cfm?itemnum=1074492552
Red Luxo Lamp,$10.00 ,2 , 12/06 06:38 PM,https://www.lsoauctions.com/details.cfm?itemnum=1074492571
Canon Digital Camera,$65.00 ,16 , 12/06 06:38 PM,https://www.lsoauctions.com/details.cfm?itemnum=1074492566
Nikon Digital Camera,$80.00 ,11 , 12/06 06:37 PM,https://www.lsoauctions.com/details.cfm?itemnum=1074492570
Samsung Camcorder,$10.00 ,2 , 12/06 06:36 PM,https://www.lsoauctions.com/details.cfm?itemnum=1074492569
Canon Vixia Camcorder,$45.00 ,8 , 12/06 06:35 PM,https://www.lsoauctions.com/details.cfm?itemnum=1074492563
2007 Ford F-250 XL Super Duty Pickup,"$6,150.00 ",32 , 12/06 06:35 PM,https://www.lsoauctions.com/details.cfm?itemnum=1074492547
American Optical Sixty Microscope ,$25.00 ,4 , 12/06 06:32 PM,https://www.lsoauctions.com/details.cfm?itemnum=1074492560
Elmo Document Camera ,$5.00 ,1 , 12/06 06:28 PM,https://www.lsoauctions.com/details.cfm?itemnum=1074492561
NEC Projector ,$20.00 ,3 , 12/06 06:28 PM,https://www.lsoauctions.com/details.cfm?itemnum=1074492556
Panasonic Projector,$255.00 ,49 , 12/06 06:28 PM,https://www.lsoauctions.com/details.cfm?itemnum=1074492551
American Optical Microscope ,$145.00 ,4 , 12/06 06:26 PM,https://www.lsoauctions.com/details.cfm?itemnum=1074492559
InFocus Projector,$20.00 ,3 , 12/06 06:25 PM,https://www.lsoauctions.com/details.cfm?itemnum=1074492558
Epson Projector,$15.00 ,2 , 12/06 06:24 PM,https://www.lsoauctions.com/details.cfm?itemnum=1074492557
ViewSonic Projector ,$15.00 ,2 , 12/06 06:22 PM,https://www.lsoauctions.com/details.cfm?itemnum=1074492555
Panasonic Projector,$15.00 ,2 , 12/06 06:21 PM,https://www.lsoauctions.com/details.cfm?itemnum=1074492554
2001 Ford F-150 XLT Pickup,"$2,600.00 ",19 , 12/06 06:21 PM,https://www.lsoauctions.com/details.cfm?itemnum=1074492548
NEC Projector,$15.00 ,2 , 12/06 06:20 PM,https://www.lsoauctions.com/details.cfm?itemnum=1074492553
InFocus Projector ,$20.00 ,3 , 12/06 06:17 PM,https://www.lsoauctions.com/details.cfm?itemnum=1074492550
BenQ Projector ,$20.00 ,3 , 12/06 06:17 PM,https://www.lsoauctions.com/details.cfm?itemnum=1074492549
Title,Price,Bids,Finish Time,Url
(28) Stacking Chairs on Rolling Dolly,$325.00 ,6 , 01/26 08:15 AM,https://www.lsoauctions.com/details.cfm?itemnum=1074500273
(Approx 50) Sheets of Plywood,"$1,030.00 ",46 , 01/24 08:01 PM,https://www.lsoauctions.com/details.cfm?itemnum=1074498354
Toner for Sharp Copier,"$1,695.00 ",46 , 01/24 08:01 PM,https://www.lsoauctions.com/details.cfm?itemnum=1074498349
Bench Seat,$70.00 ,8 , 01/24 07:59 PM,https://www.lsoauctions.com/details.cfm?itemnum=1074498362
(Approx 45) Sheets of Plywood,$810.00 ,33 , 01/24 07:55 PM,https://www.lsoauctions.com/details.cfm?itemnum=1074498353
LG 37-inch LCD TV,$40.00 ,8 , 01/24 07:55 PM,https://www.lsoauctions.com/details.cfm?itemnum=1074498363
Cabinet,$15.00 ,3 , 01/24 07:53 PM,https://www.lsoauctions.com/details.cfm?itemnum=1074498361
File Cabinet,$5.00 ,1 , 01/24 07:52 PM,https://www.lsoauctions.com/details.cfm?itemnum=1074498360
File Cabinet,$5.00 ,1 , 01/24 07:51 PM,https://www.lsoauctions.com/details.cfm?itemnum=1074498359
File Cabinet,$10.00 ,2 , 01/24 07:50 PM,https://www.lsoauctions.com/details.cfm?itemnum=1074498358
Storage Cabinet,$130.00 ,15 , 01/24 07:49 PM,https://www.lsoauctions.com/details.cfm?itemnum=1074498357
Storage Cabinet,$95.00 ,17 , 01/24 07:48 PM,https://www.lsoauctions.com/details.cfm?itemnum=1074498356
Concrete Mixer,$125.00 ,9 , 01/24 07:48 PM,https://www.lsoauctions.com/details.cfm?itemnum=1074498346
Cabinet,$20.00 ,3 , 01/24 07:47 PM,https://www.lsoauctions.com/details.cfm?itemnum=1074498355
Concrete Mixer,$85.00 ,8 , 01/24 07:47 PM,https://www.lsoauctions.com/details.cfm?itemnum=1074498345
(28) Stacking Chairs on Rolling Dolly,$425.00 ,50 , 01/24 07:47 PM,https://www.lsoauctions.com/details.cfm?itemnum=1074498305
(Approx 45) Sheets of Plywood,$805.00 ,19 , 01/24 07:44 PM,https://www.lsoauctions.com/details.cfm?itemnum=1074498352
(Approx 50) Sheets of Plywood,"$1,010.00 ",37 , 01/24 07:43 PM,https://www.lsoauctions.com/details.cfm?itemnum=1074498351
(7 Pieces) of Framed Art,$25.00 ,4 , 01/24 07:42 PM,https://www.lsoauctions.com/details.cfm?itemnum=1074498350
(2) Square Tables,$15.00 ,3 , 01/24 07:42 PM,https://www.lsoauctions.com/details.cfm?itemnum=1074498340
(27) Stacking Chairs on Rolling Dolly,$405.00 ,30 , 01/24 07:42 PM,https://www.lsoauctions.com/details.cfm?itemnum=1074498310
Concrete Mixer,$175.00 ,14 , 01/24 07:41 PM,https://www.lsoauctions.com/details.cfm?itemnum=1074498344
(28) Stacking Chairs on Rolling Dolly,$415.00 ,32 , 01/24 07:41 PM,https://www.lsoauctions.com/details.cfm?itemnum=1074498309
Bostitch Wire Sticher,$200.00 ,9 , 01/24 07:40 PM,https://www.lsoauctions.com/details.cfm?itemnum=1074498348
U-Line Freezer,$70.00 ,12 , 01/24 07:39 PM,https://www.lsoauctions.com/details.cfm?itemnum=1074498347
(2) Square Tables,$10.00 ,2 , 01/24 07:36 PM,https://www.lsoauctions.com/details.cfm?itemnum=1074498339
(6) Stacking Chairs,$35.00 ,9 , 01/24 07:35 PM,https://www.lsoauctions.com/details.cfm?itemnum=1074498343
(2) Square Tables,$10.00 ,2 , 01/24 07:35 PM,https://www.lsoauctions.com/details.cfm?itemnum=1074498338
(2) Chairs,$10.00 ,2 , 01/24 07:34 PM,https://www.lsoauctions.com/details.cfm?itemnum=1074498342
(2) Square Tables,$10.00 ,2 , 01/24 07:34 PM,https://www.lsoauctions.com/details.cfm?itemnum=1074498337
Side Table ,$15.00 ,2 , 01/24 07:33 PM,https://www.lsoauctions.com/details.cfm?itemnum=1074498341
(2) Square Tables,$10.00 ,2 , 01/24 07:33 PM,https://www.lsoauctions.com/details.cfm?itemnum=1074498336
(2) Square Tables,$10.00 ,2 , 01/24 07:31 PM,https://www.lsoauctions.com/details.cfm?itemnum=1074498334
(2) Round Tables,$10.00 ,3 , 01/24 07:29 PM,https://www.lsoauctions.com/details.cfm?itemnum=1074498332
(27) Stacking Chairs on Rolling Dolly,$355.00 ,26 , 01/24 07:28 PM,https://www.lsoauctions.com/details.cfm?itemnum=1074498311
(2) Square Tables,$5.00 ,1 , 01/24 07:27 PM,https://www.lsoauctions.com/details.cfm?itemnum=1074498335
(3) Round Tables,$15.00 ,2 , 01/24 07:27 PM,https://www.lsoauctions.com/details.cfm?itemnum=1074498330
(2) Round Tables,$15.00 ,3 , 01/24 07:25 PM,https://www.lsoauctions.com/details.cfm?itemnum=1074498333
(2) Round Tables,$15.00 ,3 , 01/24 07:23 PM,https://www.lsoauctions.com/details.cfm?itemnum=1074498331
(2) Square Tables,$10.00 ,2 , 01/24 07:22 PM,https://www.lsoauctions.com/details.cfm?itemnum=1074498325
(2) Square Tables,$5.00 ,1 , 01/24 07:21 PM,https://www.lsoauctions.com/details.cfm?itemnum=1074498329
(2) Square Tables,$10.00 ,2 , 01/24 07:21 PM,https://www.lsoauctions.com/details.cfm?itemnum=1074498324
(2) Square Tables,$5.00 ,1 , 01/24 07:20 PM,https://www.lsoauctions.com/details.cfm?itemnum=1074498328
(2) Square Tables,$10.00 ,2 , 01/24 07:20 PM,https://www.lsoauctions.com/details.cfm?itemnum=1074498323
(2) Square Tables,$5.00 ,1 , 01/24 07:19 PM,https://www.lsoauctions.com/details.cfm?itemnum=1074498327
(2) Square Tables,$10.00 ,2 , 01/24 07:19 PM,https://www.lsoauctions.com/details.cfm?itemnum=1074498322
(2) Square Tables,$5.00 ,1 , 01/24 07:18 PM,https://www.lsoauctions.com/details.cfm?itemnum=1074498326
(2) Rectangular Tables,$10.00 ,2 , 01/24 07:18 PM,https://www.lsoauctions.com/details.cfm?itemnum=1074498321
(2) Rectangular Tables,$10.00 ,2 , 01/24 07:17 PM,https://www.lsoauctions.com/details.cfm?itemnum=1074498320
(2) Rectangular Tables,$10.00 ,2 , 01/24 07:16 PM,https://www.lsoauctions.com/details.cfm?itemnum=1074498319
(2) Rectangular Tables,$15.00 ,3 , 01/24 07:16 PM,https://www.lsoauctions.com/details.cfm?itemnum=1074498314
(2) Rectangular Tables,$10.00 ,2 , 01/24 07:15 PM,https://www.lsoauctions.com/details.cfm?itemnum=1074498318
(2) Rectangular Tables,$10.00 ,2 , 01/24 07:14 PM,https://www.lsoauctions.com/details.cfm?itemnum=1074498317
(2) Rectangular Tables,$10.00 ,2 , 01/24 07:13 PM,https://www.lsoauctions.com/details.cfm?itemnum=1074498316
(2) Rectangular Tables,$10.00 ,2 , 01/24 07:12 PM,https://www.lsoauctions.com/details.cfm?itemnum=1074498315
(4) Round Tables ,$5.00 ,1 , 01/24 07:04 PM,https://www.lsoauctions.com/details.cfm?itemnum=1074498312
Projector Parts & Control Board/Switches ,$155.00 ,5 , 01/24 07:01 PM,https://www.lsoauctions.com/details.cfm?itemnum=1074498304
(28) Stacking Chairs on Rolling Dolly,$115.00 ,9 , 01/24 07:00 PM,https://www.lsoauctions.com/details.cfm?itemnum=1074498308
(28) Stacking Chairs on Rolling Dolly,$325.00 ,13 , 01/24 06:59 PM,https://www.lsoauctions.com/details.cfm?itemnum=1074498307
(28) Stacking Chairs on Rolling Dolly,$180.00 ,15 , 01/24 06:58 PM,https://www.lsoauctions.com/details.cfm?itemnum=1074498306
Projector Lamphouse & Power Supply ,$10.00 ,2 , 01/24 06:58 PM,https://www.lsoauctions.com/details.cfm?itemnum=1074498301
Projector Lamphouse & Power Supply ,$10.00 ,2 , 01/24 06:56 PM,https://www.lsoauctions.com/details.cfm?itemnum=1074498299
Film Sorage Cabinet & Projection System,$15.00 ,3 , 01/24 06:55 PM,https://www.lsoauctions.com/details.cfm?itemnum=1074498303
Simplex 35 Projector,$25.00 ,5 , 01/24 06:55 PM,https://www.lsoauctions.com/details.cfm?itemnum=1074498298
Projector Mechanism & Sound Mechanism,$15.00 ,2 , 01/24 06:54 PM,https://www.lsoauctions.com/details.cfm?itemnum=1074498302
Simplex 35 Projector,$25.00 ,3 , 01/24 06:52 PM,https://www.lsoauctions.com/details.cfm?itemnum=1074498300
Camcorder & Microcassette Recorder,$5.00 ,1 , 01/24 06:49 PM,https://www.lsoauctions.com/details.cfm?itemnum=1074498297
Fellowes Paper Shredder ,$5.00 ,1 , 01/24 06:48 PM,https://www.lsoauctions.com/details.cfm?itemnum=1074498296
Plasma Display On Rolling Mount ,$30.00 ,5 , 01/24 06:47 PM,https://www.lsoauctions.com/details.cfm?itemnum=1074498295
Rolling TV Mount ,$5.00 ,1 , 01/24 06:46 PM,https://www.lsoauctions.com/details.cfm?itemnum=1074498294
Leitz Wetzlar Microscope ,$110.00 ,8 , 01/24 06:45 PM,https://www.lsoauctions.com/details.cfm?itemnum=1074498293
AO Spencer Microscope ,$40.00 ,3 , 01/24 06:44 PM,https://www.lsoauctions.com/details.cfm?itemnum=1074498292
(5) Intranet/Network Cameras,$15.00 ,2 , 01/24 06:43 PM,https://www.lsoauctions.com/details.cfm?itemnum=1074498291
Dome Cameras ,$90.00 ,15 , 01/24 06:43 PM,https://www.lsoauctions.com/details.cfm?itemnum=1074498286
(4) Ceiling Speakers ,$15.00 ,3 , 01/24 06:42 PM,https://www.lsoauctions.com/details.cfm?itemnum=1074498290
Kilogauss Meter,$30.00 ,6 , 01/24 06:41 PM,https://www.lsoauctions.com/details.cfm?itemnum=1074498289
Dazor Lamp ,$20.00 ,4 , 01/24 06:40 PM,https://www.lsoauctions.com/details.cfm?itemnum=1074498288
(23) Filing Tools,$45.00 ,9 , 01/24 06:39 PM,https://www.lsoauctions.com/details.cfm?itemnum=1074498287
Minolta Camera,$30.00 ,6 , 01/24 06:38 PM,https://www.lsoauctions.com/details.cfm?itemnum=1074498281
(3) Cameras,$5.00 ,1 , 01/24 06:37 PM,https://www.lsoauctions.com/details.cfm?itemnum=1074498285
(2) Sony Cameras,$5.00 ,1 , 01/24 06:36 PM,https://www.lsoauctions.com/details.cfm?itemnum=1074498284
Sony Camera,$5.00 ,1 , 01/24 06:35 PM,https://www.lsoauctions.com/details.cfm?itemnum=1074498283
Nikon Camera,$50.00 ,11 , 01/24 06:35 PM,https://www.lsoauctions.com/details.cfm?itemnum=1074498278
Panasonic Camcorder,$10.00 ,2 , 01/24 06:34 PM,https://www.lsoauctions.com/details.cfm?itemnum=1074498282
Sony Camera,$5.00 ,1 , 01/24 06:32 PM,https://www.lsoauctions.com/details.cfm?itemnum=1074498280
Canon Camera ,$25.00 ,5 , 01/24 06:31 PM,https://www.lsoauctions.com/details.cfm?itemnum=1074498279
NEC Projector,$15.00 ,2 , 01/24 06:30 PM,https://www.lsoauctions.com/details.cfm?itemnum=1074498273
Nikon Camera,$10.00 ,2 , 01/24 06:29 PM,https://www.lsoauctions.com/details.cfm?itemnum=1074498277
Panasonic VCR,$5.00 ,1 , 01/24 06:28 PM,https://www.lsoauctions.com/details.cfm?itemnum=1074498276
Magnavox VCR,$5.00 ,1 , 01/24 06:27 PM,https://www.lsoauctions.com/details.cfm?itemnum=1074498275
Sony CD Player,$5.00 ,1 , 01/24 06:26 PM,https://www.lsoauctions.com/details.cfm?itemnum=1074498274
NEC Projector,$10.00 ,1 , 01/24 06:24 PM,https://www.lsoauctions.com/details.cfm?itemnum=1074498272
Dell Projector,$15.00 ,2 , 01/24 06:23 PM,https://www.lsoauctions.com/details.cfm?itemnum=1074498271
NEC Projector,$10.00 ,1 , 01/24 06:22 PM,https://www.lsoauctions.com/details.cfm?itemnum=1074498270
Sharp Projector,$10.00 ,1 , 01/24 06:21 PM,https://www.lsoauctions.com/details.cfm?itemnum=1074498269
NEC Projector,$30.00 ,5 , 01/24 06:20 PM,https://www.lsoauctions.com/details.cfm?itemnum=1074498268
NEC Projector,$15.00 ,2 , 01/24 06:19 PM,https://www.lsoauctions.com/details.cfm?itemnum=1074498267
NEC Projector,$10.00 ,1 , 01/24 06:18 PM,https://www.lsoauctions.com/details.cfm?itemnum=1074498266
NEC Projector,$10.00 ,1 , 01/24 06:17 PM,https://www.lsoauctions.com/details.cfm?itemnum=1074498265
NEC Projector,$35.00 ,5 , 01/24 06:16 PM,https://www.lsoauctions.com/details.cfm?itemnum=1074498264
1987 Mazda B2200 Pickup- Key / Starts & Runs,"$1,400.00 ",15 , 01/24 06:15 PM,https://www.lsoauctions.com/details.cfm?itemnum=1074498263
Metal Building ,"$6,025.00 ",75 , 01/10 08:30 PM,https://www.lsoauctions.com/details.cfm?itemnum=1074495550
Metal Building,"$1,725.00 ",39 , 01/10 08:28 PM,https://www.lsoauctions.com/details.cfm?itemnum=1074495548
Metal Building,"$1,825.00 ",58 , 01/10 08:19 PM,https://www.lsoauctions.com/details.cfm?itemnum=1074495549
(Approx 9 Rolls) Indoor/Outdoor Carpet ,$605.00 ,35 , 01/10 08:06 PM,https://www.lsoauctions.com/details.cfm?itemnum=1074495551
GE Betz Storage Tank,$85.00 ,5 , 01/10 07:57 PM,https://www.lsoauctions.com/details.cfm?itemnum=1074495547
(4 Boxes) Underwater Lights,$145.00 ,19 , 01/10 07:56 PM,https://www.lsoauctions.com/details.cfm?itemnum=1074495536
(2) Snap-on Valve Refacers,$55.00 ,4 , 01/10 07:56 PM,https://www.lsoauctions.com/details.cfm?itemnum=1074495546
Welding Power Supply,$175.00 ,8 , 01/10 07:55 PM,https://www.lsoauctions.com/details.cfm?itemnum=1074495545
Arc Welder,$325.00 ,9 , 01/10 07:54 PM,https://www.lsoauctions.com/details.cfm?itemnum=1074495544
(6) Empty Metal Barrels,$85.00 ,15 , 01/10 07:54 PM,https://www.lsoauctions.com/details.cfm?itemnum=1074495539
Refrigerated Recirculator ,$95.00 ,6 , 01/10 07:53 PM,https://www.lsoauctions.com/details.cfm?itemnum=1074495543
Hydraulic Shop Press ,"$1,455.00 ",19 , 01/10 07:52 PM,https://www.lsoauctions.com/details.cfm?itemnum=1074495542
(3) Cylinder Dollies,$80.00 ,9 , 01/10 07:51 PM,https://www.lsoauctions.com/details.cfm?itemnum=1074495541
(4) Rolling Cage Racks ,$305.00 ,19 , 01/10 07:50 PM,https://www.lsoauctions.com/details.cfm?itemnum=1074495540
Compressor,$315.00 ,14 , 01/10 07:48 PM,https://www.lsoauctions.com/details.cfm?itemnum=1074495538
"Cables, U-Shape Tow Hooks",$90.00 ,14 , 01/10 07:47 PM,https://www.lsoauctions.com/details.cfm?itemnum=1074495537
Abrasive Machine Tool ,$75.00 ,4 , 01/10 07:45 PM,https://www.lsoauctions.com/details.cfm?itemnum=1074495535
Table,$20.00 ,4 , 01/10 07:44 PM,https://www.lsoauctions.com/details.cfm?itemnum=1074495534
Table,$15.00 ,3 , 01/10 07:43 PM,https://www.lsoauctions.com/details.cfm?itemnum=1074495533
(10) Chairs with Tablet Arm ,$10.00 ,1 , 01/10 07:42 PM,https://www.lsoauctions.com/details.cfm?itemnum=1074495532
(10) Chairs with Tablet Arm ,$10.00 ,1 , 01/10 07:41 PM,https://www.lsoauctions.com/details.cfm?itemnum=1074495531
Wood A-Frame Easel ,$35.00 ,7 , 01/10 07:40 PM,https://www.lsoauctions.com/details.cfm?itemnum=1074495530
(4) Stacking Chairs,$20.00 ,4 , 01/10 07:40 PM,https://www.lsoauctions.com/details.cfm?itemnum=1074495525
Hose Reel w/ Pressure Washer Nozzle ,$35.00 ,6 , 01/10 07:39 PM,https://www.lsoauctions.com/details.cfm?itemnum=1074495529
(6) Stacking Chairs,$25.00 ,4 , 01/10 07:39 PM,https://www.lsoauctions.com/details.cfm?itemnum=1074495524
Confined Space Entry Equipment,$105.00 ,12 , 01/10 07:38 PM,https://www.lsoauctions.com/details.cfm?itemnum=1074495528
Metal Storage Unit,$255.00 ,15 , 01/10 07:37 PM,https://www.lsoauctions.com/details.cfm?itemnum=1074495527
(2) 5-Drawer Map Cabinets,$160.00 ,11 , 01/10 07:36 PM,https://www.lsoauctions.com/details.cfm?itemnum=1074495526
(2) Stacking Chairs,$5.00 ,1 , 01/10 07:33 PM,https://www.lsoauctions.com/details.cfm?itemnum=1074495523
(2) Chairs,$25.00 ,5 , 01/10 07:32 PM,https://www.lsoauctions.com/details.cfm?itemnum=1074495522
Rolling Desk Chair ,$50.00 ,8 , 01/10 07:31 PM,https://www.lsoauctions.com/details.cfm?itemnum=1074495521
Rolling Desk Chair ,$50.00 ,8 , 01/10 07:30 PM,https://www.lsoauctions.com/details.cfm?itemnum=1074495520
Atmospheric Vessel/Tank,$5.00 ,1 , 01/10 07:29 PM,https://www.lsoauctions.com/details.cfm?itemnum=1074495519
Table & Storage Unit,$100.00 ,11 , 01/10 07:28 PM,https://www.lsoauctions.com/details.cfm?itemnum=1074495518
Table & Storage Unit,$100.00 ,12 , 01/10 07:27 PM,https://www.lsoauctions.com/details.cfm?itemnum=1074495517
Lateral File Cabinet ,$90.00 ,16 , 01/10 07:26 PM,https://www.lsoauctions.com/details.cfm?itemnum=1074495506
Table & Storage Unit,$100.00 ,9 , 01/10 07:26 PM,https://www.lsoauctions.com/details.cfm?itemnum=1074495516
Wood Table ,$25.00 ,5 , 01/10 07:25 PM,https://www.lsoauctions.com/details.cfm?itemnum=1074495515
Lateral File Cabinet ,$60.00 ,6 , 01/10 07:24 PM,https://www.lsoauctions.com/details.cfm?itemnum=1074495504
24-Compartment Mail Sorter ,$30.00 ,7 , 01/10 07:24 PM,https://www.lsoauctions.com/details.cfm?itemnum=1074495514
36-Compartment Mail Sorter,$35.00 ,5 , 01/10 07:23 PM,https://www.lsoauctions.com/details.cfm?itemnum=1074495513
Table,$15.00 ,3 , 01/10 07:22 PM,https://www.lsoauctions.com/details.cfm?itemnum=1074495512
Table,$10.00 ,2 , 01/10 07:21 PM,https://www.lsoauctions.com/details.cfm?itemnum=1074495511
Round Table ,$10.00 ,2 , 01/10 07:20 PM,https://www.lsoauctions.com/details.cfm?itemnum=1074495510
Lateral File Cabinet ,$65.00 ,8 , 01/10 07:18 PM,https://www.lsoauctions.com/details.cfm?itemnum=1074495508
Sony Camcorder ,$145.00 ,32 , 01/10 07:18 PM,https://www.lsoauctions.com/details.cfm?itemnum=1074495473
Lateral File Cabinet ,$60.00 ,5 , 01/10 07:17 PM,https://www.lsoauctions.com/details.cfm?itemnum=1074495507
Lateral File Cabinet ,$55.00 ,10 , 01/10 07:15 PM,https://www.lsoauctions.com/details.cfm?itemnum=1074495505
File Cabinet ,$5.00 ,1 , 01/10 07:13 PM,https://www.lsoauctions.com/details.cfm?itemnum=1074495503
File Cabinet ,$10.00 ,2 , 01/10 07:12 PM,https://www.lsoauctions.com/details.cfm?itemnum=1074495502
File Cabinet ,$10.00 ,2 , 01/10 07:11 PM,https://www.lsoauctions.com/details.cfm?itemnum=1074495501
Metal Bookshelf ,$60.00 ,10 , 01/10 07:11 PM,https://www.lsoauctions.com/details.cfm?itemnum=1074495496
Connectors & Wires ,$75.00 ,13 , 01/10 07:11 PM,https://www.lsoauctions.com/details.cfm?itemnum=1074495481
File Cabinet ,$10.00 ,2 , 01/10 07:10 PM,https://www.lsoauctions.com/details.cfm?itemnum=1074495500
File Cabinet ,$5.00 ,1 , 01/10 07:09 PM,https://www.lsoauctions.com/details.cfm?itemnum=1074495499
Metal Cabinet ,$115.00 ,13 , 01/10 07:09 PM,https://www.lsoauctions.com/details.cfm?itemnum=1074495494
File Cabinet ,$5.00 ,1 , 01/10 07:08 PM,https://www.lsoauctions.com/details.cfm?itemnum=1074495498
Wood Bookshelf ,$5.00 ,1 , 01/10 07:07 PM,https://www.lsoauctions.com/details.cfm?itemnum=1074495497
Metal Cabinet ,$100.00 ,13 , 01/10 07:05 PM,https://www.lsoauctions.com/details.cfm?itemnum=1074495495
8-Drawer Storage,$215.00 ,14 , 01/10 07:03 PM,https://www.lsoauctions.com/details.cfm?itemnum=1074495493
(2) Lamps,$25.00 ,5 , 01/10 07:02 PM,https://www.lsoauctions.com/details.cfm?itemnum=1074495492
Side Table ,$55.00 ,9 , 01/10 07:01 PM,https://www.lsoauctions.com/details.cfm?itemnum=1074495491
Rolling Surgical Microscope ,$295.00 ,14 , 01/10 07:01 PM,https://www.lsoauctions.com/details.cfm?itemnum=1074495486
Corner Shelving Unit,$15.00 ,3 , 01/10 07:00 PM,https://www.lsoauctions.com/details.cfm?itemnum=1074495490
Framed Artwork,$20.00 ,4 , 01/10 06:59 PM,https://www.lsoauctions.com/details.cfm?itemnum=1074495484
Rolling Oxygen Cylinder Cart,$5.00 ,1 , 01/10 06:59 PM,https://www.lsoauctions.com/details.cfm?itemnum=1074495489
Rolling Oxygen Cylinder Cart,$5.00 ,1 , 01/10 06:58 PM,https://www.lsoauctions.com/details.cfm?itemnum=1074495488
Cooper Surgical Digital Video Colposcope ,$55.00 ,4 , 01/10 06:57 PM,https://www.lsoauctions.com/details.cfm?itemnum=1074495487
Framed Artwork,$10.00 ,2 , 01/10 06:55 PM,https://www.lsoauctions.com/details.cfm?itemnum=1074495485
Projector Screen,$15.00 ,3 , 01/10 06:53 PM,https://www.lsoauctions.com/details.cfm?itemnum=1074495483
Proxima Projector ,$20.00 ,3 , 01/10 06:52 PM,https://www.lsoauctions.com/details.cfm?itemnum=1074495482
"(Approx 40) Printer/Toner Cartridges, Paper Trays",$35.00 ,4 , 01/10 06:50 PM,https://www.lsoauctions.com/details.cfm?itemnum=1074495480
Keurig Coffee Maker,$35.00 ,8 , 01/10 06:49 PM,https://www.lsoauctions.com/details.cfm?itemnum=1074495479
Lasko Fan ,$15.00 ,3 , 01/10 06:48 PM,https://www.lsoauctions.com/details.cfm?itemnum=1074495478
Sterilite 3-Drawer Storage ,$10.00 ,2 , 01/10 06:47 PM,https://www.lsoauctions.com/details.cfm?itemnum=1074495477
Sterilite 3-Drawer Storage ,$10.00 ,2 , 01/10 06:46 PM,https://www.lsoauctions.com/details.cfm?itemnum=1074495476
(3) Cameras,$10.00 ,2 , 01/10 06:45 PM,https://www.lsoauctions.com/details.cfm?itemnum=1074495475
Nikon Digital Camera ,$30.00 ,6 , 01/10 06:44 PM,https://www.lsoauctions.com/details.cfm?itemnum=1074495474
Sony Camcorder ,$20.00 ,5 , 01/10 06:42 PM,https://www.lsoauctions.com/details.cfm?itemnum=1074495472
Sony Digital Camera ,$40.00 ,5 , 01/10 06:41 PM,https://www.lsoauctions.com/details.cfm?itemnum=1074495471
Sony Camcorder ,$15.00 ,3 , 01/10 06:40 PM,https://www.lsoauctions.com/details.cfm?itemnum=1074495470
Sony Camcorder ,$25.00 ,5 , 01/10 06:39 PM,https://www.lsoauctions.com/details.cfm?itemnum=1074495469
Marathon Electric Motor,$10.00 ,1 , 01/10 06:38 PM,https://www.lsoauctions.com/details.cfm?itemnum=1074495468
Marathon Electric Motor,$25.00 ,4 , 01/10 06:37 PM,https://www.lsoauctions.com/details.cfm?itemnum=1074495467
Marathon Electric Motor,$15.00 ,2 , 01/10 06:36 PM,https://www.lsoauctions.com/details.cfm?itemnum=1074495466
Marathon Electric Motor,$75.00 ,4 , 01/10 06:35 PM,https://www.lsoauctions.com/details.cfm?itemnum=1074495465
Marathon Electric Motor,$80.00 ,9 , 01/10 06:34 PM,https://www.lsoauctions.com/details.cfm?itemnum=1074495464
Xytronic Soldering Iron,$20.00 ,3 , 01/10 06:33 PM,https://www.lsoauctions.com/details.cfm?itemnum=1074495458
Underwater Camera Housing ,$65.00 ,7 , 01/10 06:32 PM,https://www.lsoauctions.com/details.cfm?itemnum=1074495452
Elmo Visual Presenter,$30.00 ,5 , 01/10 06:31 PM,https://www.lsoauctions.com/details.cfm?itemnum=1074495456
(7) Meters ,$70.00 ,15 , 01/10 06:31 PM,https://www.lsoauctions.com/details.cfm?itemnum=1074495461
NEC Projector ,$35.00 ,7 , 01/10 06:30 PM,https://www.lsoauctions.com/details.cfm?itemnum=1074495450
Samsung Digital Presenter ,$15.00 ,2 , 01/10 06:30 PM,https://www.lsoauctions.com/details.cfm?itemnum=1074495455
Camera Tripod ,$20.00 ,3 , 01/10 06:30 PM,https://www.lsoauctions.com/details.cfm?itemnum=1074495460
NEC Projector ,$30.00 ,6 , 01/10 06:29 PM,https://www.lsoauctions.com/details.cfm?itemnum=1074495454
Xytronic Soldering Iron,$10.00 ,1 , 01/10 06:29 PM,https://www.lsoauctions.com/details.cfm?itemnum=1074495459
Xytronic Soldering Iron,$35.00 ,6 , 01/10 06:27 PM,https://www.lsoauctions.com/details.cfm?itemnum=1074495457
1999 Dodge Ram 2500 Van,"$2,100.00 ",28 , 01/10 06:25 PM,https://www.lsoauctions.com/details.cfm?itemnum=1074495445
Mitsubishi Projector ,$50.00 ,7 , 01/10 06:23 PM,https://www.lsoauctions.com/details.cfm?itemnum=1074495453
Epson Projector ,$15.00 ,2 , 01/10 06:21 PM,https://www.lsoauctions.com/details.cfm?itemnum=1074495451
NEC Projector ,$30.00 ,5 , 01/10 06:19 PM,https://www.lsoauctions.com/details.cfm?itemnum=1074495449
Casio Projector ,$80.00 ,12 , 01/10 06:18 PM,https://www.lsoauctions.com/details.cfm?itemnum=1074495448
Sharp Projector ,$25.00 ,4 , 01/10 06:17 PM,https://www.lsoauctions.com/details.cfm?itemnum=1074495447
Sharp Projector ,$25.00 ,4 , 01/10 06:16 PM,https://www.lsoauctions.com/details.cfm?itemnum=1074495446
